family,level,sp
rotation,0.0,1.0
rotation,30.0,0.943764708917565
rotation,60.0,0.9565208681208267
rotation,90.0,0.9527988870604361
rotation,120.0,0.9363511436329163
rotation,180.0,0.9498810665777323
metric_shear,0.7,0.7176127644941485
topology_permute,0.7,0.25845149109470955
