sigma,sp_mean,sp_std,ssc_mean,ssc_std
0.0,1.0,0.0,-0.0035807100498227063,0.022611220601592933
0.1,0.645381631739155,0.036315810801176594,0.0016432580099755877,0.022979277149652925
0.3,0.36495222678271977,0.032352269981078284,-0.003099009982266415,0.022584913515719014
0.5,0.2716730576738444,0.024561587442759335,-0.0016633388661812382,0.02195389072277904
0.7,0.24025563633682737,0.019784051017768856,-0.001944292197638751,0.02079948917915728
