sigma,sp_mean,ssc_mean,ssc_std
0.0,1.0,-0.0013844569681283347,0.020832142116116555
0.1,1.0,0.0031957007707895946,0.04125914566734777
0.3,1.0,0.0007759948407107614,0.0445327769389927
0.5,1.0,-0.005607166845954344,0.04320114102157036
0.7,1.0,0.002290358702544191,0.04423541151708881
