n_trials,n_items,dim,mean_ssc,sd_ssc,ci90_low,ci90_high,tost_delta,tost_p
1000,64,128,0.0013781657430217253,0.04511199042035161,-0.0009685359769508034,0.003724867462994254,0.1,0.0
