lam,sp_mean,sp_std,ssc_mean,ssc_std
0.0,1.0,0.0,0.0005257628045428604,0.024302191439569267
0.2,0.6415202672925682,0.05693507104747599,0.015036250083553648,0.026402840809719
0.4,0.4471439570355247,0.028161106712000245,0.07318177518008191,0.028794174492093903
0.6,0.27261959156635596,0.025826604455612252,0.18937567863723165,0.025049962296541068
0.8,0.20923061480798133,0.012071764915829869,0.26961699014157753,0.027436108067863504
1.0,0.19922349839356093,0.00781368904525992,0.28897873476167446,0.025906382513799647
