lam,sp_mean,sp_std,ssc_mean,ssc_std
0.0,1.0,0.0,-0.0004356033115033317,0.013241706183904245
0.2,0.669771316200574,0.05317460986600211,0.05261391949928422,0.05804849785352791
0.4,0.5010905191226346,0.03570277165553239,0.22903742351753095,0.08723079065267061
0.6,0.32737115197449573,0.027212807116773926,0.5061689558368208,0.04766739128791698
0.8,0.23146115160929034,0.0168261673871653,0.6798392519813796,0.021405457041692236
1.0,0.20794950316328223,0.008520825324593218,0.7229913335317814,5.026589685423729e-06
