method,SSC,SP_adj,SP_ord,SP_clu,SP_total
tSNE,0.4737736573954724,0.31985693443123786,0.6644186336419398,0.5191358439581039,0.5011371373437604
UMAP,0.4122457100373366,0.25888189725651023,0.6420063048052965,0.5300167957602571,0.4769683326073546
PCA,0.5100714320362146,0.062433893935441916,0.6798448897708639,0.2642253841096114,0.33550138927197243
