{
  "panel_a_sp_vs_k": {
    "5": {
      "MDS": [
        0.41027676452292905,
        0.00866505713657089
      ],
      "tSNE": [
        0.5160713380832612,
        0.01399510795380684
      ],
      "UMAP": [
        0.5003002780378208,
        0.01980490906948364
      ]
    },
    "10": {
      "MDS": [
        0.4258473702731014,
        0.009493666335390187
      ],
      "tSNE": [
        0.5319239418873615,
        0.014681991288761033
      ],
      "UMAP": [
        0.5212228667436912,
        0.020860818273651546
      ]
    },
    "20": {
      "MDS": [
        0.4516667926343942,
        0.010178837786610518
      ],
      "tSNE": [
        0.5435012960107951,
        0.013835518063981336
      ],
      "UMAP": [
        0.5335186711442467,
        0.019304130028604653
      ]
    }
  },
  "panel_b_ssc_vs_N": {
    "300": {
      "MDS": [
        0.7344241301233029,
        0.007388413359546361
      ],
      "tSNE": [
        0.6355019178316367,
        0.043219437794338414
      ],
      "UMAP": [
        0.6366255655838992,
        0.028301379466822253
      ]
    },
    "500": {
      "MDS": [
        0.7251210045112204,
        0.008055097678743866
      ],
      "tSNE": [
        0.6605012488943593,
        0.01203003244183439
      ],
      "UMAP": [
        0.632618698256209,
        0.004857259611634178
      ]
    }
  },
  "meta": {
    "framework": "hideki-exp",
    "key": "HIDE-KEY",
    "umap_version": "0.5.12",
    "k_clu": 10,
    "seeds": [
      20250124,
      20250125,
      20250126
    ]
  }
}