k,sp_mean,sp_std
5,0.5965075291243168,0.03284880861455289
10,0.6443290307681508,0.03353877034873581
20,0.7008155464320329,0.03975158695273012
