n_items,sp_topology,sp_metric
16,0.4115158511755734,0.730086981917074
36,0.2910207481699094,0.748699444375918
64,0.2562290009856973,0.7176127644941485
100,0.2480114035939184,0.7090131337494432
