layout,sp_topology,sp_metric
grid,0.2583272330003764,0.7176127644941485
line,0.25359083100547386,1.0
circle,0.23877060990353832,0.6812662059727429
random,0.2614795557363358,0.7605189965617901
