,SSC,SSC,SP_adj,SP_adj,SP_ord,SP_ord,SP_clu,SP_clu,SP_total,SP_total
,mean,std,mean,std,mean,std,mean,std,mean,std
method,,,,,,,,,,
MDS,0.7251210045112204,0.009865439570599837,0.12678298372880417,0.0046079966517529715,0.7723819047565347,0.004177265583561304,0.36701452637839016,0.02686508456538726,0.4220598049545763,0.01125090862818859
UMAP,0.6326186982562091,0.005948903798366498,0.3040107593931123,0.006175126641607769,0.7261932017473719,0.00287129662776469,0.5036653043237627,0.07051936956023228,0.511289755154749,0.025562031059561875
tSNE,0.6605012488943593,0.014733720535811087,0.3501550442448275,0.005804596705432807,0.7380200921285612,0.006564443377805533,0.5072838692111697,0.05673243213288227,0.5318196685281861,0.017818053961537513
